linea,estacion,afluencia_media,afluencia_std,proporcion_prepago,proporcion_gratuidad,proporcion_boleto,nivel_saturacion_medio
1,BALBUENA,6826.178789938817,1972.007982138473,0.665243931233442,0.16081019357919643,0.17394587518736154,1.2997960571040108
1,BALDERAS,14966.389778007228,10277.999962326197,0.5950495290558997,0.23867991883027004,0.16627055211383027,1.299948373773877
1,BOULEVARD PUERTO AEREO,14628.16927260367,4195.615650611227,0.7100510695976552,0.18798888290064092,0.1019600475017039,1.2997960571040108
1,CANDELARIA,16534.923181509177,4607.607513985801,0.6327092210774197,0.20238668530692575,0.16490409361565456,1.2991162474507139
1,CHAPULTEPEC,22932.2183789365,16400.023590309876,0.6806188827926686,0.10405889950239909,0.21532221770493232,1.272070211667527
1,CUAUHTEMOC,8006.099122354156,6030.157303404789,0.6056618904120746,0.18155817032805774,0.21277993925986766,1.272070211667527
1,GOMEZ FARIAS,19097.244731475188,5262.724657857327,0.6931113976067202,0.15813161533442813,0.1487569870588516,1.2991162474507139
1,INSURGENTES,20315.708311822407,16360.096647615375,0.7229424186815094,0.1493788235140611,0.12767875780442944,1.2385131646876613
1,ISABEL LA CATOLICA,10843.66275862069,7030.782461782338,0.6808082546823488,0.15134145672484323,0.16785028859280787,1.3
1,JUANACATLAN,3543.776458440888,3282.7019614125907,0.6134516076199648,0.15817152833202114,0.2283768640480141,1.1652039235931853
1,MERCED,31124.340584636302,8558.864081696662,0.6240512145612851,0.20929106285588242,0.16665772258283248,1.2997960571040108
1,MOCTEZUMA,14509.48266485384,4227.519623958928,0.6835253877518828,0.1820135511617831,0.1344610610863341,1.2997960571040108
1,OBSERVATORIO,22046.960247805884,18748.684944543736,0.5589351653467094,0.0914310914564391,0.34963374319685153,1.1652039235931853
1,PANTITLAN,27779.65193745751,8116.810392354659,0.7385448899677118,0.12577292846168467,0.1356821815706035,1.2997960571040108
1,PINO SUAREZ,24033.498300475865,7896.898744148699,0.7106254059166153,0.17001949836082098,0.11935509572256381,1.2997960571040108
1,SALTO DEL AGUA,9376.724137931034,6126.490422721068,0.6071556198357496,0.23183822507009033,0.16100615509416003,1.3
1,SAN LAZARO,16260.743711760708,5392.392807659198,0.7287540883469286,0.14851701974348563,0.12272889190958582,1.2997960571040108
1,SEVILLA,12377.143004646361,9215.821960449795,0.7396846262734361,0.09281223420990753,0.16750313951665646,1.272070211667527
1,TACUBAYA,11910.675787299948,10087.87161123852,0.6075348992371057,0.13564742559247253,0.2568176751704218,1.167785234899329
1,ZARAGOZA,23444.926580557443,7111.8829091157895,0.7103574084968908,0.15324866884883806,0.13639392265427108,1.2997960571040108
12,ATLALILCO,12950.954716981132,6457.942816361734,0.8519650426458234,0.14803495735417668,0.0,1.2996226415094339
12,CALLE 11,10363.358705161854,3359.8273604805495,0.8551216457056677,0.14487835429433227,0.0,1.2992125984251968
12,CULHUACAN,12957.137357830272,3872.5755397718026,0.8529925275799192,0.14700747242008078,0.0,1.300087489063867
12,EJE CENTRAL,9239.507924528301,3459.56988546583,0.8595685713067458,0.14043142869325426,0.0,1.2996226415094339
12,ERMITA,7313.272452830189,2729.3116108401496,0.8566170192263837,0.14338298077361628,0.0,1.2996226415094339
12,HOSPITAL 20 DE NOVIEMBRE,8615.716981132075,3573.5265557236557,0.8693559126089083,0.13064408739109165,0.0,1.2996226415094339
12,INSURGENTES SUR,26435.295849056605,10687.564327540102,0.8872218541160597,0.11277814588394028,0.0,1.2996226415094339
12,LOMAS ESTRELLA,7404.776902887139,2177.768232147573,0.8594381553178684,0.1405618446821317,0.0,1.300087489063867
12,MEXICALTZINGO,13015.938113207547,5150.264550953442,0.8639050075560245,0.13609499244397552,0.0,1.2996226415094339
12,MIXCOAC,11754.390943396227,5041.927103602828,0.8823353257229419,0.11766467427705804,0.0,1.298867924528302
12,NOPALERA,19298.862105263157,5371.465140977202,0.8729674673479293,0.1270325326520707,0.0,1.3
12,OLIVOS,13118.643533123028,3896.3233646953995,0.8570535330648196,0.1429464669351804,0.0,1.2996845425867507
12,PARQUE DE LOS VENADOS,8134.901132075472,3034.880117040849,0.852499992133002,0.1475000078669981,0.0,1.2996226415094339
12,PERIFERICO ORIENTE,30958.582677165356,10214.411841420162,0.8642555736560873,0.13574442634391273,0.0,1.300087489063867
12,SAN ANDRES TOMATLAN,8404.701662292213,3026.100460304544,0.8656354157917121,0.13436458420828795,0.0,1.300087489063867
12,TEZONCO,18545.8499475341,5351.614316599908,0.865369223177742,0.13463077682225802,0.0,1.2990556138509968
12,TLAHUAC,46519.947862356625,17382.053270578974,0.8591512106591455,0.14084878934085449,0.0,1.3003128258602712
12,TLALTENCO,4079.1835443037976,1095.6777981907069,0.8480282512140167,0.15197174878598338,0.0,1.3006329113924051
12,ZAPATA,10878.655094339623,3192.795693103283,0.8447686356204936,0.15523136437950635,0.0,1.2996226415094339
12,ZAPOTITLAN,10972.462592202319,2834.125740133668,0.8444141998515884,0.15558580014841156,0.0,1.3003161222339306
2,ALLENDE,20730.11510791367,9510.00249749833,0.6998364486004195,0.17471941910883848,0.12544413229074206,1.2995889003083247
2,BELLAS ARTES,20354.850462487153,7545.122152073426,0.7826097322608939,0.10445432926600491,0.11293593847310114,1.2995889003083247
2,CHABACANO,19245.064234326823,6896.354286782844,0.6997194414567188,0.16692089974773083,0.13335965879555034,1.2995889003083247
2,COLEGIO MILITAR,11237.169064748201,5431.078732740155,0.6925501597961085,0.14246392056494947,0.16498591963894213,1.2995889003083247
2,CUATRO CAMINOS,68149.34737923947,28355.175856509144,0.9021021719881301,0.06545593398694692,0.03244189402492294,1.2995889003083247
2,CUITLAHUAC,12540.93062692703,3996.7061723486445,0.6757802343064103,0.1248954664028204,0.19932429929076925,1.2995889003083247
2,ERMITA,12654.56937307297,4146.1018384842,0.651907025258116,0.16206710407141753,0.18602587067046653,1.2995889003083247
2,GENERAL ANAYA,15740.017471736895,5801.413653421101,0.7084189771728954,0.15330231068497358,0.13827871214213103,1.2990750256937307
2,HIDALGO,24038.792394655706,8147.450776932221,0.6960952017883402,0.1603550758006129,0.14354972241104694,1.2995889003083247
2,NATIVITAS,14440.4049331963,4996.770068369204,0.7018903356983389,0.17825473773683156,0.11985492656482961,1.2995889003083247
2,NORMAL,25070.44861253854,10559.101607305383,0.7103982646888038,0.1208122676486621,0.16878946766253408,1.2990750256937307
2,PANTEONES,9414.263617677287,2921.7741616707413,0.6715241539362526,0.1510882620278673,0.17738758403588004,1.2990750256937307
2,PINO SUAREZ,25377.876156217884,11868.198696855723,0.663103543408421,0.183226479066508,0.15366997752507097,1.2995889003083247
2,POPOTLA,6938.857656731758,2960.0251403756656,0.6888049750396794,0.1376026757433144,0.1735923492170062,1.2990750256937307
2,PORTALES,15314.519527235354,4583.613253029317,0.6310179960763973,0.1890840782492961,0.17989792567430654,1.2995889003083247
2,REVOLUCION,21438.384378211715,7438.371313650285,0.7408754122397441,0.1496706563162597,0.10945393144399612,1.2995889003083247
2,SAN ANTONIO ABAD,14613.255395683453,5815.272372124016,0.6946073357251511,0.1645449378244754,0.14084772645037352,1.2995889003083247
2,SAN COSME,15914.727646454265,5762.122253795699,0.70598434741554,0.15115574113831384,0.14285991144614618,1.2995889003083247
2,TACUBA,26493.801130524153,7418.773334258801,0.6293677950303008,0.1429432127547381,0.2276889922149611,1.2995889003083247
2,TASQUENA,50243.693730729705,15166.732472547012,0.7331595977587771,0.04775921195350796,0.21908119028771486,1.2995889003083247
2,VIADUCTO,12508.4753340185,4346.625644831455,0.7310300799474027,0.17417592287140887,0.09479399718118843,1.2990750256937307
2,VILLA DE CORTES,12456.547790339157,4494.004381163924,0.6712197512830633,0.13548940591105393,0.19329084280588266,1.2995889003083247
2,XOLA,15090.630010277493,5362.614446671898,0.7018968262488701,0.16292009331023738,0.13518308044089244,1.2995889003083247
2,ZOCALO/TENOCHTITLAN,34698.931140801644,18177.655898899713,0.6975768735348266,0.10702606603731993,0.19539706042785346,1.2995889003083247
3,BALDERAS,13091.735354573484,8998.072270860222,0.5654012488334954,0.18109211572300776,0.25350663544349683,1.2995889003083247
3,CENTRO MEDICO,13677.463001027749,4024.298929816517,0.7469757964954085,0.1544281457164974,0.0985960577880941,1.2995889003083247
3,COPILCO,26557.27183967112,13659.070901102143,0.7681636220871352,0.10113182709175302,0.13070455082111174,1.2995889003083247
3,COYOACAN,20501.863823227133,8280.040024582964,0.7592879607755102,0.11342729534563002,0.12728474387885977,1.2995889003083247
3,DEPORTIVO 18 DE MARZO,23518.06577595067,7476.455432367336,0.7029742652072529,0.13930686203365628,0.1577188727590907,1.2995889003083247
3,DIVISION DEL NORTE,11350.730215827338,4336.905090285067,0.7276034215331416,0.12679939021840508,0.14559718824845333,1.2995889003083247
3,ETIOPIA/PLAZA DE LA TRANSPARENCIA,19240.170606372045,6850.813288606793,0.7762724474340428,0.12618222320860195,0.09754532935735523,1.2995889003083247
3,EUGENIA,10688.8802672148,3854.9646029538158,0.7371392253840672,0.12535429916576904,0.1375064754501639,1.2995889003083247
3,GUERRERO,7319.414182939363,1627.7316751406906,0.5592085293247296,0.2790142163254938,0.1617772543497765,1.2995889003083247
3,HIDALGO,11731.282631038026,4018.98620544591,0.7050847061911997,0.17503531267149944,0.11987998113730082,1.2995889003083247
3,HOSPITAL GENERAL,14268.364337101748,6017.456683528471,0.674022262460123,0.16730080494702465,0.15867693259285243,1.2995889003083247
3,INDIOS VERDES,81029.32117163412,20917.051451097213,0.7615813254373373,0.09113590523934509,0.14728276932331763,1.2995889003083247
3,JUAREZ,12214.44964028777,4388.67960394697,0.6864235964210561,0.1743007675673705,0.13927563601157336,1.2995889003083247
3,LA RAZA,24125.138232271325,7374.088281715748,0.6826061744946086,0.15353257243873983,0.1638612530666516,1.2995889003083247
3,MIGUEL ANGEL DE QUEVEDO,26069.727646454267,8196.313070298798,0.7411441546253886,0.11486396297390984,0.14399188240070154,1.2995889003083247
3,NINOS HEROES,15389.5246659815,7194.760511522066,0.695023272464774,0.15677013053944658,0.14820659699577937,1.2995889003083247
3,POTRERO,11490.943473792395,3076.7789892984265,0.6818210382364924,0.15329855759305,0.1648804041704576,1.2990750256937307
3,TLATELOLCO,13402.345323741007,3958.046432902084,0.7129554716158717,0.14390135535268567,0.14314317303144256,1.2990750256937307
3,UNIVERSIDAD,44650.328365878726,19336.22109258887,0.7718360656350279,0.08518027164414893,0.14298366272082322,1.2995889003083247
3,VIVEROS/DERECHOS HUMANOS,15242.46762589928,4627.982000243859,0.7271267137325202,0.11988741911755794,0.15298586714992177,1.2995889003083247
3,ZAPATA,19627.951181911612,8466.102535832524,0.7113250991954264,0.1444105890256836,0.14426431177889007,1.2995889003083247
4,BONDOJITO,4657.478931140801,1256.5825134787433,0.6683981385701576,0.15934545833832242,0.17225640309151996,1.2995889003083247
4,CANAL DEL NORTE,6218.384892086331,1638.7855492591384,0.629869322934068,0.17725610971020486,0.19287456735572714,1.2995889003083247
4,CANDELARIA,8449.599177800617,3307.9519130114704,0.5516391301237232,0.2486696542364062,0.19969121563987052,1.2995889003083247
4,CONSULADO,2894.3931140801647,773.2782138561396,0.6362300586153968,0.2022021298396555,0.1615678115449477,1.2980472764645425
4,FRAY SERVANDO,7609.390544707091,2569.656574654241,0.6375263224036478,0.15031410802178988,0.2121595695745623,1.2995889003083247
4,JAMAICA,5791.230729701952,1564.3880026479937,0.6254338686651733,0.1899963952979946,0.1845697360368322,1.2995889003083247
4,MARTIN CARRERA,17383.331449126414,5852.861396451729,0.7268855287983761,0.11904000137028199,0.15407446983134201,1.2995889003083247
4,MORELOS,5923.701952723535,1202.8802018558442,0.5808659199828642,0.21954656942894035,0.19958751058819546,1.2985611510791366
4,SANTA ANITA,1651.7338129496402,467.2845475598682,0.6250507025880688,0.20379531987272953,0.17115397753920164,1.2970195272353546
4,TALISMAN,2985.455806783145,893.6509445204857,0.6869555490416887,0.1488063549402525,0.16423809601805886,1.2985611510791366
5,ARAGON,5796.668036998973,1558.4004682067093,0.6322115676389144,0.18006901178721363,0.1877194205738719,1.2995889003083247
5,AUTOBUSES DEL NORTE,17057.686536485096,4334.755001944506,0.6256719792586455,0.14419018610613069,0.2301378346352238,1.2990750256937307
5,CONSULADO,4180.642857142857,1102.5691196668986,0.5973742413037311,0.23670168464466454,0.16592407405160445,1.2980472764645425
5,EDUARDO MOLINA,5437.0118191161355,1708.0854419440104,0.7107826917798746,0.1564637097664809,0.1327535984536445,1.2990750256937307
5,HANGARES,4163.665981500514,1549.5185093245314,0.7201308562225179,0.1162209400512843,0.16364820372619773,1.2990750256937307
5,INSTITUTO DEL PETROLEO,4515.060123329908,1798.8435871086836,0.6839074235016352,0.1981190552379875,0.11797352126037731,1.2995889003083247
5,LA RAZA,8342.022096608427,2406.3721214014313,0.6715218533455523,0.1482894899855816,0.1801886566688661,1.2995889003083247
5,MISTERIOS,6317.127440904419,1841.676979790235,0.6847004607598336,0.1255745308989637,0.1897250083412027,1.2995889003083247
5,OCEANIA,7234.10174717369,2189.1220702567944,0.6489469253498771,0.1550918478920905,0.1959612267580325,1.2995889003083247
5,PANTITLAN,47530.77954779034,11759.594619615915,0.6841950109593117,0.10171849998280987,0.21408648905787844,1.2995889003083247
5,POLITECNICO,22742.86125385406,8606.459840455118,0.7311497915141645,0.10663924550272129,0.16221096298311416,1.2995889003083247
5,TERMINAL AEREA,14481.02569373073,3135.365807017183,0.7201126709635923,0.11056909730794173,0.1693182317284659,1.2995889003083247
5,VALLE GOMEZ,3578.479958890031,1015.9137677001796,0.6658010353315557,0.13890106884814873,0.19529789582029558,1.2995889003083247
6,DEPORTIVO 18 DE MARZO,1186.4373072970195,444.29605154069094,0.6755896610360413,0.195081366550384,0.1293289724135747,1.2980472764645425
6,EL ROSARIO,12535.052415210688,4366.459991209675,0.7135225877248665,0.1268638409193135,0.15961357135582005,1.2995889003083247
6,FERRERIA/ARENA CIUDAD DE MEXICO,16347.962487153134,7508.18449777153,0.7706215976150325,0.09517065642742649,0.13420774595754098,1.2995889003083247
6,INSTITUTO DEL PETROLEO,2343.640287769784,1037.846114522787,0.7970941344326289,0.08796203293526883,0.11494383263210226,1.2995889003083247
6,LA VILLA/BASILICA,9480.20349434738,2855.902231429486,0.6732221368328306,0.1433518235336141,0.18342603963355542,1.2995889003083247
6,LINDAVISTA,12354.916752312436,5618.841068811465,0.7595147853526558,0.09594044016551523,0.14454477448182892,1.2995889003083247
6,MARTIN CARRERA,20631.534429599178,7712.437456265609,0.7686401434958728,0.12355348627142143,0.10780637023270578,1.2990750256937307
6,NORTE 45,5218.927029804728,2051.9198165352605,0.7508028178704663,0.08440389620198686,0.16479328592754677,1.2990750256937307
6,TEZOZOMOC,4582.105344295992,1449.1099563192424,0.7144645606114799,0.12521224764476838,0.1603231917437517,1.2990750256937307
6,UAM-AZCAPOTZALCO,6097.77852004111,1856.1139463324294,0.6999662586100338,0.1504520392653737,0.14958170212459246,1.2990750256937307
6,VALLEJO,6403.422918807811,2150.5283565457466,0.792680577203436,0.052219061737459854,0.15510036105910416,1.2980472764645425
7,AQUILES SERDAN,9678.476875642344,3709.1770143987032,0.8181508224568167,0.13890337778458048,0.04294579975860285,1.2985611510791366
7,AUDITORIO,23971.03494347379,11811.822396296748,0.7861312739055001,0.10196743778399742,0.1119012883105025,1.2995889003083247
7,BARRANCA DEL MUERTO,27387.411099691675,11505.610362221552,0.7952880816716631,0.09385649627909345,0.11085542204924338,1.2995889003083247
7,CAMARONES,10810.926515930112,3448.130361734094,0.7671865617500981,0.11725605917422954,0.1155573790756723,1.2985611510791366
7,CONSTITUYENTES,8217.768242548818,4977.043766557613,0.7704838485065441,0.13927362883409278,0.0902425226593632,1.2995889003083247
7,EL ROSARIO,23294.893114080165,7619.213501967876,0.7689463341812313,0.10326079712469782,0.12779286869407086,1.2995889003083247
7,MIXCOAC,17686.908016443987,5342.32167367864,0.7346896429642085,0.1207744546461147,0.14453590238967678,1.2995889003083247
7,POLANCO,26520.053956834534,12843.562730368598,0.90277016107159,0.08427766144281311,0.012952177485596914,1.2995889003083247
7,REFINERIA,9421.846351490236,3735.154115957363,0.6823364727909612,0.09893018755883148,0.21873333965020725,1.2995889003083247
7,SAN ANTONIO,9217.984069886948,3285.7001947721924,0.7757203326381231,0.09546810594893988,0.128811561412937,1.2995889003083247
7,SAN JOAQUIN,18842.546248715313,7827.848802856318,0.7973716421483233,0.0985481032125567,0.10408025463911988,1.2995889003083247
7,SAN PEDRO DE LOS PINOS,9127.376156217882,3629.9357896304305,0.7425973236182328,0.12474262774093917,0.132660048640828,1.2995889003083247
7,TACUBA,6778.649023638232,1869.856177921068,0.6742020691590587,0.16099161017291475,0.16480632066802658,1.2995889003083247
7,TACUBAYA,5058.359712230216,1745.5372128783574,0.6852271010384354,0.17940810253972966,0.13536479642183485,1.2995889003083247
8,ACULCO,7746.808324768756,2173.958044011767,0.6565628063517238,0.14634575370136332,0.19709143994691286,1.2990750256937307
8,APATLACO,10605.358170606372,2089.650270656075,0.7037818953864365,0.12471614419158955,0.17150196042197394,1.2995889003083247
8,ATLALILCO,13487.034429599178,3491.713482084888,0.69890417659611,0.15256487602952828,0.14853094737436168,1.2995889003083247
8,BELLAS ARTES,16438.41161356629,4514.975015078751,0.7151467587823926,0.13185681635292307,0.15299642486468432,1.2995889003083247
8,CERRO DE LA ESTRELLA,9458.889003083248,2566.0202150356413,0.6690068694009464,0.1547158174057134,0.1762773131933401,1.2995889003083247
8,CHABACANO,3442.8540596094554,1056.3864469123098,0.6977473873190254,0.20492669497173768,0.09732591770923699,1.2995889003083247
8,CONSTITUCION DE 1917,84625.83401849949,26372.286387738703,0.7941083638047237,0.11697883024080331,0.08891280595447304,1.2995889003083247
8,COYUYA,21443.887461459402,6596.629367955799,0.8029132201320281,0.09485069626148139,0.10223608360649042,1.2995889003083247
8,DOCTORES,9742.398766700924,3387.7372474662116,0.6871031396584194,0.18579724550339133,0.1270996148381893,1.2990750256937307
8,ESCUADRON 201,17518.15005138746,5201.548273369959,0.7105392258617653,0.1314035232227298,0.1580572509155049,1.2995889003083247
8,GARIBALDI/LAGUNILLA,15710.720966084275,4505.493265537287,0.7381922494908365,0.16090071313800192,0.10090703737116154,1.2995889003083247
8,IZTACALCO,14875.909558067831,4431.799368218858,0.7119387391146966,0.1225934434033943,0.16546781748190917,1.2995889003083247
8,IZTAPALAPA,8883.566803699898,2077.2997691740493,0.6013889545022689,0.15856560862490673,0.24004543687282429,1.2995889003083247
8,LA VIGA,5862.5950668037,1360.4033707178467,0.6481449224950211,0.18212637879025323,0.16972869871472568,1.2990750256937307
8,OBRERA,11185.753854059609,2941.067940194717,0.6662021953101938,0.1909395238909777,0.1428582807988285,1.2995889003083247
8,SALTO DEL AGUA,14636.256937307297,6638.875960529487,0.6762345521670854,0.16601712420617526,0.15774832362673924,1.2995889003083247
8,SAN JUAN DE LETRAN,21800.61305241521,5609.571153326304,0.7093562622095695,0.11537679072190239,0.17526694706852813,1.2995889003083247
8,SANTA ANITA,4039.3540596094554,1126.304162677762,0.6708957302169747,0.1887834449854796,0.14032082479754568,1.2985611510791366
8,UAM-I,20645.51798561151,6309.617384212128,0.6847876710975548,0.15411492043951913,0.1610974084629261,1.2995889003083247
9,CENTRO MEDICO,11931.847379239465,3246.322439281068,0.7238958009798652,0.14157250827398735,0.13453169074614751,1.2995889003083247
9,CHABACANO,7857.496402877698,3018.63765986925,0.6548993273749834,0.17759088011045576,0.16750979251456094,1.2995889003083247
9,CHILPANCINGO,33252.12538540596,10841.55547257819,0.8741618126255561,0.09689604038352924,0.028942146990914585,1.2995889003083247
9,CIUDAD DEPORTIVA,5096.560637204522,3654.172024726743,0.6658541068646132,0.14246878146445555,0.1916771116709312,1.2990750256937307
9,JAMAICA,9232.356628982528,2735.322400692903,0.632851476823241,0.1824893358350595,0.18465918734169942,1.2995889003083247
9,LAZARO CARDENAS,9819.542137718397,2585.854862953353,0.669643962873534,0.15038765169210386,0.17996838543436214,1.2995889003083247
9,MIXIUHCA,18008.799588900307,6201.520223434383,0.7406417233604871,0.11921980028535754,0.14013847635415544,1.2990750256937307
9,PANTITLAN,37164.612024665985,18547.350012062725,0.7229918414825857,0.08443445395570795,0.19257370456170633,1.2995889003083247
9,PATRIOTISMO,14425.139260020555,5415.3325129525365,0.7823320235771124,0.10214837890009024,0.11551959752279746,1.2995889003083247
9,PUEBLA,24071.408016443987,13723.269754574902,0.7108550443101763,0.10342972127198467,0.185715234417839,1.2995889003083247
9,TACUBAYA,47844.67780061665,16680.49371176917,0.7337032555180649,0.0798908366350752,0.18640590784685995,1.2995889003083247
9,VELODROMO,12331.329393627955,14521.536573640116,0.7143574812378708,0.1093767181769508,0.1762658005851784,1.2995889003083247
A,ACATITLA,13450.194244604316,3644.2582195113264,0.6877574705104916,0.11727879839644947,0.19496373109305895,1.2995889003083247
A,AGRICOLA ORIENTAL,9759.382322713258,2816.549111858791,0.6693640896642448,0.10914804129080284,0.22148786904495246,1.2995889003083247
A,CANAL DE SAN JUAN,10765.275436793423,2197.015627864928,0.5870205260487629,0.1639397409071529,0.2490397330440842,1.2990750256937307
A,GUELATAO,15641.591983556013,5304.646463317718,0.7265167437259946,0.12927774482281154,0.14420551145119387,1.2995889003083247
A,LA PAZ,35974.542137718396,10267.103957722755,0.7209956401368219,0.10687148114893044,0.17213287871424762,1.2995889003083247
A,LOS REYES,17098.323741007192,3732.764837992722,0.6949256893553655,0.14243169143344325,0.16264261921119133,1.2995889003083247
A,PANTITLAN,28611.71377183967,10502.357545384295,0.786807900245338,0.10923564336277689,0.10395645639188505,1.2995889003083247
A,PENON VIEJO,11246.028263103803,2673.3390383770657,0.6883157293485499,0.11851812251054195,0.1931661481409081,1.2995889003083247
A,SANTA MARTA,30162.869475847892,8181.72526550664,0.6980294761845701,0.10144948490419319,0.20052103891123677,1.2995889003083247
A,TEPALCATES,21534.718910585816,7102.45305989358,0.7574299854404456,0.11662848845815361,0.12594152610140072,1.2995889003083247
B,BOSQUE DE ARAGON,4525.101233299075,1288.2914747590241,0.7397769937722416,0.15804858033929198,0.10217442588846647,1.2995889003083247
B,BUENAVISTA,44682.13257965056,11625.103341106751,0.8061891473890548,0.09246666340807212,0.10134418920287312,1.2995889003083247
B,CIUDAD AZTECA,38020.357142857145,9437.85676148327,0.7611355683589386,0.14185487630056567,0.09700955534049573,1.2995889003083247
B,DEPORTIVO OCEANIA,11800.83556012333,3858.4455268262423,0.6918652561713666,0.1223674748615315,0.1857672689671019,1.2990750256937307
B,ECATEPEC,19585.21582733813,6109.495758010457,0.7160241400936453,0.1594542072887276,0.12452165261762704,1.2995889003083247
B,GARIBALDI/LAGUNILLA,5799.496916752312,1945.238575052488,0.6436694095542236,0.15955279621117682,0.19677779423459957,1.2985611510791366
B,GUERRERO,5362.898766700925,1321.0087325580505,0.7071478955818641,0.19245337801371817,0.10039872640441773,1.2985611510791366
B,IMPULSORA,18707.77183967112,5011.077517482586,0.6982324095022937,0.1488966705106227,0.15287091998708366,1.2995889003083247
B,LAGUNILLA,17512.88591983556,5526.953464225955,0.659431588224688,0.1324756848593129,0.2080927269159992,1.2990750256937307
B,MORELOS,4335.489722507708,1206.2786366555806,0.622770527803159,0.18885910456255955,0.1883703676342814,1.2995889003083247
B,MUZQUIZ,23271.59301130524,5263.554766630501,0.6860686115440991,0.14289409051568153,0.17103729794021932,1.2990750256937307
B,NEZAHUALCOYOTL,16733.067831449127,5283.852083434255,0.7295209560171678,0.15135312817058727,0.1191259158122449,1.2995889003083247
B,OCEANIA,7638.269270298048,2170.151661967318,0.6430932180523046,0.1993834679210822,0.15752331402661332,1.2995889003083247
B,OLIMPICA,13616.271325796506,3146.554137011053,0.6676189561616181,0.1542553259382525,0.1781257179001293,1.2990750256937307
B,PLAZA ARAGON,14997.978417266188,3191.326967326818,0.6444409424141162,0.16574525615941585,0.18981380142646806,1.2975334018499487
B,RICARDO FLORES MAGON,5465.399794450154,1492.8634253216844,0.7215248945167634,0.1355403018395686,0.1429348036436681,1.2990750256937307
B,RIO DE LOS REMEDIOS,14725.505138746146,3750.961476909477,0.7076272379674816,0.15840097729445718,0.13397178473806112,1.2995889003083247
B,ROMERO RUBIO,11809.957348406988,3551.311113072227,0.7376396485632698,0.10634356126204833,0.15601679017468192,1.2990750256937307
B,SAN LAZARO,15144.263617677287,5351.675042574828,0.6978420839336009,0.1327280196814522,0.16942989638494688,1.2990750256937307
B,TEPITO,18707.439876670094,5482.805628754977,0.6536526107113455,0.10684870614826032,0.23949868314039421,1.2995889003083247
B,VILLA DE ARAGON,11724.1443987667,4832.346498860658,0.7283016191677883,0.12523139947721446,0.14646698135499714,1.2995889003083247
